nom;prenom;mail;mail_parent;profil;classe;groupe;login
Vivian;Fischer;Etiam.bibendum@pellentesqueeget.org;dolor.sit@ascelerisque.edu;2;1;8;malesuada
Blair;Dale;dui@eu.net;Etiam.laoreet@nisisem.ca;2;2;3;fringilla
Orson;Romero;dis@nonenimcommodo.edu;magna.a.neque@risus.org;1;4;3;Sed
Grant;Chandler;et@elitCurabitursed.ca;blandit.at@ipsumleo.co.uk;3;3;4;ipsum
Merrill;Hoover;ipsum.leo@ridiculus.co.uk;fringilla@tellusidnunc.edu;2;1;6;augue
Rhiannon;Holder;Sed@egestasnuncsed.co.uk;ut@Donec.ca;2;4;5;quis
Blythe;Chavez;ultricies.sem.magna@loremfringillaornare.co.uk;Maecenas.ornare@acmetusvitae.net;4;2;8;torquent
Ahmed;Sherman;risus.odio@nullaInteger.com;Aliquam.erat@vulputateeu.net;2;4;4;facilisis
Cally;Whitley;Cras.dolor@elitpellentesquea.com;Mauris@neque.co.uk;2;5;3;magna.
Quinn;Sweeney;Etiam.gravida@ipsum.edu;velit.Sed@nascetur.net;4;4;4;mattis.
Victoria;Little;orci.consectetuer@Namac.co.uk;metus.vitae@dapibusidblandit.edu;4;4;6;mi
Dante;Molina;parturient@dignissim.com;sit.amet@maurissit.ca;2;4;3;purus
Rhonda;Gilmore;amet.consectetuer.adipiscing@tellusid.ca;dui@Nulla.org;4;1;3;vel
Lila;Fulton;sem@facilisiSedneque.co.uk;congue.elit@sem.edu;4;3;2;velit.
Alma;Rogers;lacus.pede@consequatlectussit.edu;ac.mattis@atrisus.net;3;1;1;quis,
Ashely;Dyer;Sed.nec@Curae.org;Quisque@sedorci.edu;1;2;4;rhoncus.
Sheila;Lester;quam@arcuNuncmauris.ca;amet.consectetuer.adipiscing@egestasurna.org;3;3;3;velit.
Nevada;Meyer;vulputate@blanditatnisi.co.uk;gravida@tellusNunclectus.edu;1;4;4;feugiat
Kuame;Benjamin;Vivamus.molestie@dolornonummyac.edu;quis.tristique@purussapien.co.uk;4;2;3;porttitor
Kelsey;Barton;enim@Sed.com;lacus@cursusnon.edu;2;3;5;Maecenas
Wyoming;Chaney;mollis@Maecenasiaculisaliquet.ca;Sed@molestieSed.net;4;4;2;lobortis
Jason;Davidson;facilisi.Sed.neque@euodio.com;Nunc.quis@Inscelerisque.edu;4;2;8;lectus
Desirae;Solomon;Integer.vitae.nibh@sedpede.org;egestas.Aliquam@augueacipsum.net;2;2;6;vitae
Malik;Reilly;orci.adipiscing.non@utpharetrased.edu;risus.Morbi@eleifendnondapibus.com;1;3;2;In
Xena;Cruz;feugiat.placerat@ultrices.net;purus@libero.net;2;3;3;tincidunt
Virginia;Mercado;id.erat.Etiam@metusfacilisislorem.ca;mattis@Donec.ca;3;4;7;et,
Echo;Mcpherson;neque.et.nunc@Integer.edu;cursus.in@faucibuslectusa.edu;3;4;3;lacinia.
Zeus;Blair;amet.dapibus.id@ultricesaauctor.net;turpis@sem.co.uk;4;4;3;euismod
Amos;Ingram;malesuada.ut@seddolor.net;eu@ipsum.co.uk;4;3;6;sagittis
Joshua;Macdonald;orci.luctus.et@idnuncinterdum.ca;massa@cursusNunc.co.uk;2;3;4;eu
Tatum;Berg;eu.nulla@Duismi.org;amet.dapibus.id@iaculislacus.org;1;3;7;neque.
Shoshana;Wallace;sit.amet.metus@adlitora.edu;orci.luctus@elit.co.uk;4;1;3;ultrices
September;Richmond;pharetra.Quisque@ultrices.com;Aliquam.erat.volutpat@sed.org;3;5;8;ornare
Lillith;Prince;porttitor.scelerisque@Donecnonjusto.edu;nulla.magna@nonhendrerit.ca;3;5;8;ante.
Hedley;Joyce;et.commodo.at@a.ca;mauris.rhoncus@accumsaninterdum.net;3;5;4;auctor
Vivien;Gomez;sodales.at.velit@quisurna.co.uk;sollicitudin.adipiscing@pedeac.co.uk;2;5;5;nulla
Jaquelyn;Rush;non@aliquetmetus.com;orci.luctus.et@Sed.net;1;5;1;nibh
Oleg;Poole;risus.Morbi.metus@veliteu.net;pharetra.Quisque.ac@congueturpisIn.net;4;2;8;nec
Yen;Goff;nec.tellus.Nunc@iaculislacus.edu;elit.Curabitur.sed@pretiumet.edu;2;4;5;est
Janna;Espinoza;ipsum.dolor@Class.ca;facilisis.vitae@molestie.net;3;2;8;aptent
Laurel;Lawson;cursus.et@cursuset.net;diam.Pellentesque@molestie.org;4;1;5;diam
Ali;Morris;nonummy@Integer.org;ipsum.ac@Maurisquisturpis.org;1;1;5;lorem,
Cedric;Rollins;quis@dolordapibusgravida.org;dictum.Phasellus.in@nonummyFuscefermentum.edu;1;4;3;rutrum,
Galena;Slater;mollis.Integer@ligulaDonecluctus.org;hendrerit.Donec.porttitor@netuset.ca;3;4;1;nisl
Desiree;Browning;ante.bibendum@lacus.org;a.mi@telluseu.net;2;4;3;eu,
Noelle;Anthony;elit@velquam.net;lectus@Donecatarcu.co.uk;2;4;2;eget,
Levi;Butler;vel.turpis.Aliquam@quistristique.ca;convallis@lobortis.org;4;3;6;nisi
Vivien;Pratt;massa.non.ante@liberoDonec.net;elit.pellentesque.a@vulputatenisi.co.uk;1;1;2;consequat
Bryar;Maxwell;a.aliquet@sollicitudincommodo.org;libero.Proin@aliquetnec.net;4;4;6;elementum
Lara;Slater;orci.luctus@Donec.com;magna.nec@dapibus.net;1;4;8;ut
Giselle;Ellison;ac@Curabitur.co.uk;sit@convallisconvallisdolor.co.uk;2;4;7;Phasellus
Jenna;Mcgee;scelerisque@scelerisqueloremipsum.edu;magna.et@Craslorem.net;2;2;7;elit,
Thane;Nielsen;et.euismod@vehiculaaliquet.edu;imperdiet.ornare@sociis.net;4;1;7;enim.
Bevis;Mcintyre;a.facilisis@quisarcu.co.uk;Cum@nec.ca;2;4;7;mattis
Guy;Powers;orci.lobortis.augue@nequetellusimperdiet.ca;at@atpedeCras.edu;1;4;2;pellentesque
Rhona;Pacheco;condimentum@pharetrased.org;vitae.orci.Phasellus@duilectus.org;1;2;3;Cum
Cailin;French;lobortis.mauris.Suspendisse@luctus.ca;quam@etmagnis.edu;4;3;7;Donec
Tanisha;Riddle;mauris@Donectemporest.net;volutpat.Nulla.facilisis@nec.co.uk;2;4;6;dictum.
Gil;Hayden;varius.et.euismod@intempus.com;et.ipsum@luctuset.ca;1;3;3;arcu
Evangeline;Mcmahon;augue@ultricesmaurisipsum.com;sit.amet.consectetuer@elitpede.org;1;2;6;Duis
Galena;Delgado;Nulla.tempor.augue@Nuncsollicitudin.co.uk;amet@lacusEtiam.org;1;5;7;sodales
Wylie;Dyer;Nulla.eget.metus@etcommodoat.net;lorem.auctor.quis@risusquis.org;3;5;3;semper
Beau;Pearson;ornare.elit@arcu.co.uk;tellus.sem@pedeSuspendisse.co.uk;2;4;3;Donec
Aristotle;Dale;Fusce.mi.lorem@inmolestietortor.com;purus@tellussem.org;2;1;5;Vestibulum
Zachary;English;dictum.placerat@luctus.net;sapien@cursuseteros.ca;2;2;2;vitae
Aiko;Finch;orci.luctus@adipiscingfringilla.ca;lorem@nibhlacinia.co.uk;2;2;6;Aliquam
Cherokee;Holmes;nec.luctus.felis@sociisnatoque.org;iaculis.aliquet@conguea.net;3;3;8;pede
Lisandra;Roth;ac@eutellus.com;Duis@dolornonummyac.org;1;4;2;dis
Astra;Jacobs;consequat@nisiCumsociis.edu;a@et.org;3;5;3;dolor
Gloria;Mckee;Integer@DonecegestasDuis.edu;euismod.mauris.eu@aliquetProinvelit.org;3;3;8;nisi.
Yoshio;Johnston;lacus.Aliquam.rutrum@ipsumCurabitur.org;Praesent.eu@feugiattellus.co.uk;1;1;8;pretium
Ahmed;Thomas;ante.lectus.convallis@erat.org;nibh.lacinia@lobortisquispede.com;2;5;6;non
Jada;Gillespie;turpis@Nullamvitae.net;dictum.sapien@felisullamcorper.org;3;2;1;molestie
Rhona;Mendez;mauris.id.sapien@nonnisi.edu;amet@nisi.com;1;1;2;amet
Jessamine;Montoya;gravida@Fusce.org;Cum.sociis@sedconsequatauctor.org;1;5;5;sit
Dustin;Clements;congue@sapienmolestie.org;Integer@gravidasitamet.org;1;4;3;arcu
Larissa;Melendez;libero.Integer.in@purusgravida.net;sit@Vestibulumante.com;2;2;6;Integer
Samson;Perkins;vestibulum@Praesent.com;at.nisi@velconvallisin.ca;2;1;3;at,
Zachary;Shaffer;Sed@Pellentesque.net;placerat@ipsumDonec.net;3;1;7;aliquet
Virginia;Waters;nibh.dolor@imperdietdictum.org;Morbi@ridiculus.net;2;5;4;gravida
Kaden;Cook;orci.Donec@euligula.com;eget.tincidunt.dui@duilectus.org;3;2;6;eu
Audra;Rose;primis.in@fermentumconvallisligula.net;fames@loremut.ca;2;2;6;nascetur
Chava;Cook;cursus.luctus@pedenec.co.uk;Mauris@Maecenasmalesuada.net;3;1;2;Donec
Kane;Perkins;Proin.ultrices@eu.co.uk;Suspendisse.sagittis@Namnullamagna.edu;1;3;4;mauris
Tanisha;Delgado;Sed.eu.eros@nonquam.edu;fermentum.fermentum.arcu@liberoProin.co.uk;3;4;6;egestas.
Demetrius;Skinner;et.magnis.dis@Proinnon.co.uk;ac.libero@ornaresagittisfelis.org;2;5;2;euismod
Brian;Aguirre;neque@eudoloregestas.com;Phasellus@Phasellusliberomauris.org;2;4;3;nascetur
Zoe;Mcdonald;suscipit@nequeNullam.co.uk;elit.elit.fermentum@Morbisit.edu;2;3;1;at,
Cameron;Spears;malesuada.Integer@mieleifend.net;justo@etmagnaPraesent.co.uk;3;5;6;id
Steven;Banks;scelerisque@estmollisnon.org;iaculis.nec.eleifend@ultricesmaurisipsum.co.uk;1;5;2;tortor,
Sarah;Powers;quis.massa@enimnon.ca;et@in.org;1;5;1;nunc
Carol;Richard;dignissim.magna@fringilla.org;et.magnis.dis@nunc.net;1;5;4;ut,
Ross;Hensley;Phasellus.dolor@risusInmi.ca;ligula.Nullam.feugiat@egestasrhoncusProin.org;3;2;3;sem
Nolan;Barker;dis@sagittisplacerat.org;Quisque@congue.co.uk;1;2;2;sollicitudin
Petra;Sanford;interdum.Nunc@necleoMorbi.net;adipiscing.elit@feugiatSednec.org;1;1;7;mauris
Winter;Carey;et@eratnonummy.org;arcu@placerat.com;2;2;2;euismod
Katelyn;Mathis;risus@tinciduntpede.org;Curabitur@vitae.com;2;4;7;eu
Catherine;Vinson;et.netus@nonummyultriciesornare.org;erat@posuereat.com;1;3;5;turpis
Steven;Cherry;vestibulum@commodoauctorvelit.net;Quisque.libero.lacus@Aeneanmassa.com;1;5;3;quis,
Piper;Carlson;ut.cursus.luctus@Fuscealiquet.com;velit.Aliquam@euneque.net;4;2;7;diam.